id,version,ticker,city,market_type,side,suggested_price,confidence,edge_pct,estimated_temp,forecast_temp,market_yes_price,settled,actual_temp,pnl_cents,created_at
1,v2,KXHIGHTBOS-26FEB18-T43,BOS,high,no,86,0.55,85.71428571428571,38.0,38.0,14,1,,14,2026-02-18 13:17:25
2,v2,KXHIGHTBOS-26FEB18-B42.5,BOS,high,no,81,0.55,84.21052631578947,38.0,38.0,19,1,,19,2026-02-18 13:17:25
3,v2,KXLOWTNYC-26FEB18-B37.5,NYC,low,no,9,0.65,92.3076923076923,37.0,37.0,91,1,,-9,2026-02-18 13:17:25
4,v2,KXHIGHMIA-26FEB18-B82.5,MIA,high,no,70,0.5,90.0,77.0,77.0,30,1,,30,2026-02-18 13:17:25
5,v2,KXHIGHTATL-26FEB18-B72.5,ATL,high,no,89,0.5,45.45454545454545,68.0,68.0,11,1,,11,2026-02-18 13:17:25
6,v2,KXHIGHMIA-26FEB18-B80.5,MIA,high,no,44,0.5,80.35714285714286,77.0,77.0,56,1,,-44,2026-02-18 13:17:25
7,v2,KXLOWTPHIL-26FEB18-B33.5,PHI,low,no,2,0.5,83.6734693877551,37.0,37.0,98,1,,-2,2026-02-18 13:17:25
8,v2,KXHIGHPHIL-26FEB18-B48.5,PHI,high,no,74,0.5,57.692307692307686,45.0,45.0,26,1,,26,2026-02-18 13:17:25
9,v2,KXHIGHNY-26FEB18-T44,NYC,high,yes,54,0.55,16.666666666666664,44.0,44.0,54,1,,46,2026-02-18 13:17:25
10,v1,KXHIGHTBOS-26FEB18-T43,BOS,high,no,86,0.55,85.71428571428571,38.0,38.0,14,1,,14,2026-02-18 13:17:25
11,v1,KXHIGHTBOS-26FEB18-B42.5,BOS,high,no,81,0.55,84.21052631578947,38.0,38.0,19,1,,19,2026-02-18 13:17:25
12,v1,KXHIGHMIA-26FEB18-B82.5,MIA,high,no,70,0.5,90.0,77.0,77.0,30,1,,30,2026-02-18 13:17:25
13,v1,KXHIGHTATL-26FEB18-B72.5,ATL,high,no,89,0.5,45.45454545454545,68.0,68.0,11,1,,11,2026-02-18 13:17:25
14,v1,KXHIGHMIA-26FEB18-B80.5,MIA,high,no,44,0.5,80.35714285714286,77.0,77.0,56,1,,-44,2026-02-18 13:17:25
15,v1,KXLOWTPHIL-26FEB18-B33.5,PHI,low,no,2,0.5,83.6734693877551,37.0,37.0,98,1,,-2,2026-02-18 13:17:25
16,v1,KXHIGHPHIL-26FEB18-B48.5,PHI,high,no,74,0.5,57.692307692307686,45.0,45.0,26,1,,26,2026-02-18 13:17:25
17,v1,KXHIGHNY-26FEB18-T44,NYC,high,yes,54,0.55,16.666666666666664,44.0,44.0,54,1,,46,2026-02-18 13:17:25
18,v2,KXHIGHMIA-26FEB18-B82.5,MIA,high,no,74,0.5,88.46153846153845,77.0,77.0,26,1,,26,2026-02-18 14:15:29
19,v2,KXHIGHTBOS-26FEB18-B42.5,BOS,high,no,89,0.5,45.45454545454545,38.0,38.0,11,1,,11,2026-02-18 14:15:29
20,v2,KXHIGHMIA-26FEB18-B80.5,MIA,high,no,40,0.5,81.66666666666667,77.0,77.0,60,1,,-40,2026-02-18 14:15:29
21,v2,KXLOWTPHIL-26FEB18-B33.5,PHI,low,no,1,0.5,83.83838383838383,37.0,37.0,99,1,,-1,2026-02-18 14:15:29
22,v2,KXHIGHPHIL-26FEB18-B48.5,PHI,high,no,72,0.5,60.71428571428571,45.0,45.0,28,1,,28,2026-02-18 14:15:29
23,v1,KXHIGHMIA-26FEB18-B82.5,MIA,high,no,74,0.6,88.46153846153845,77.0,77.0,26,1,,26,2026-02-18 14:15:29
24,v1,KXHIGHTBOS-26FEB18-B42.5,BOS,high,no,89,0.5,45.45454545454545,38.0,38.0,11,1,,11,2026-02-18 14:15:29
25,v1,KXLOWTPHIL-26FEB18-B33.5,PHI,low,no,1,0.5,83.83838383838383,37.0,37.0,99,1,,-1,2026-02-18 14:15:29
26,v1,KXHIGHPHIL-26FEB18-B48.5,PHI,high,no,72,0.5,60.71428571428571,45.0,45.0,28,1,,28,2026-02-18 14:15:29
27,v2,KXHIGHMIA-26FEB18-B82.5,MIA,high,no,76,0.7,87.5,77.0,77.0,24,1,,24,2026-02-18 15:15:31
28,v2,KXLOWTMIA-26FEB19-T61,MIA,low,no,87,0.5,92.3076923076923,69.0,69.0,13,1,,13,2026-02-18 15:15:31
29,v2,KXHIGHTATL-26FEB19-B77.5,ATL,high,no,75,0.6,96.0,68.0,68.0,25,1,,25,2026-02-18 15:15:31
30,v2,KXHIGHTATL-26FEB19-B75.5,ATL,high,no,77,0.6,95.65217391304348,68.0,68.0,23,1,,23,2026-02-18 15:15:31
31,v2,KXHIGHTATL-26FEB19-B79.5,ATL,high,no,86,0.6,92.85714285714286,68.0,68.0,14,1,,-86,2026-02-18 15:15:31
32,v2,KXHIGHTDC-26FEB19-B49.5,DC,high,no,87,0.6,92.3076923076923,57.0,57.0,13,1,,13,2026-02-18 15:15:31
33,v2,KXHIGHTDC-26FEB19-B51.5,DC,high,no,83,0.6,64.70588235294117,57.0,57.0,17,1,,17,2026-02-18 15:15:31
34,v2,KXHIGHMIA-26FEB19-B84.5,MIA,high,no,66,0.7,97.05882352941177,77.0,77.0,34,1,,34,2026-02-18 15:15:31
35,v2,KXHIGHMIA-26FEB19-B82.5,MIA,high,no,55,0.7,93.33333333333333,77.0,77.0,45,1,,-55,2026-02-18 15:15:31
36,v2,KXHIGHNY-26FEB19-T40,NYC,high,no,86,0.65,35.714285714285715,44.0,44.0,14,1,,14,2026-02-18 15:15:31
37,v1,KXHIGHMIA-26FEB18-B82.5,MIA,high,no,76,0.7,91.66666666666666,77.0,77.0,24,1,,24,2026-02-18 15:15:31
38,v1,KXLOWTMIA-26FEB19-T61,MIA,low,no,87,0.5,92.3076923076923,69.0,69.0,13,1,,13,2026-02-18 15:15:31
39,v1,KXHIGHTATL-26FEB19-B77.5,ATL,high,no,75,0.6,96.0,68.0,68.0,25,1,,25,2026-02-18 15:15:31
40,v1,KXHIGHTATL-26FEB19-B75.5,ATL,high,no,77,0.6,95.65217391304348,68.0,68.0,23,1,,23,2026-02-18 15:15:31
41,v1,KXHIGHTATL-26FEB19-B79.5,ATL,high,no,86,0.6,92.85714285714286,68.0,68.0,14,1,,-86,2026-02-18 15:15:31
42,v1,KXHIGHTDC-26FEB19-B49.5,DC,high,no,87,0.6,92.3076923076923,57.0,57.0,13,1,,13,2026-02-18 15:15:31
43,v1,KXHIGHTDC-26FEB19-B51.5,DC,high,no,83,0.6,64.70588235294117,57.0,57.0,17,1,,17,2026-02-18 15:15:31
44,v1,KXHIGHMIA-26FEB19-B84.5,MIA,high,no,66,0.7,97.05882352941177,77.0,77.0,34,1,,34,2026-02-18 15:15:31
45,v1,KXHIGHMIA-26FEB19-B82.5,MIA,high,no,55,0.7,95.55555555555556,77.0,77.0,45,1,,-55,2026-02-18 15:15:31
46,v1,KXHIGHNY-26FEB19-T40,NYC,high,no,86,0.65,35.714285714285715,44.0,44.0,14,1,,14,2026-02-18 15:15:31
47,v2,KXHIGHTBOS-26FEB18-B42.5,BOS,high,no,87,0.75,92.3076923076923,38.0,38.0,13,1,,13,2026-02-18 16:15:43
48,v2,KXHIGHTDC-26FEB19-T49,DC,high,no,75,0.6,96.0,57.0,57.0,25,1,,-75,2026-02-18 16:15:43
49,v2,KXHIGHTATL-26FEB19-B77.5,ATL,high,no,75,0.6,96.0,68.0,68.0,25,1,,25,2026-02-18 16:15:43
50,v2,KXHIGHTDC-26FEB19-B51.5,DC,high,no,77,0.6,95.65217391304348,57.0,57.0,23,1,,23,2026-02-18 16:15:43
51,v2,KXHIGHTATL-26FEB19-B75.5,ATL,high,no,80,0.6,95.0,68.0,68.0,20,1,,20,2026-02-18 16:15:43
52,v2,KXHIGHTATL-26FEB19-B79.5,ATL,high,no,83,0.6,94.11764705882352,68.0,68.0,17,1,,-83,2026-02-18 16:15:43
53,v2,KXHIGHTATL-26FEB19-T80,ATL,high,no,86,0.6,92.85714285714286,68.0,68.0,14,1,,14,2026-02-18 16:15:43
54,v2,KXLOWTMIA-26FEB19-B63.5,MIA,low,no,90,0.5,40.0,69.0,69.0,10,1,,-90,2026-02-18 16:15:43
55,v2,KXHIGHPHIL-26FEB19-T48,PHI,high,no,90,0.6,40.0,45.0,45.0,10,1,,10,2026-02-18 16:15:43
56,v2,KXHIGHTDC-26FEB19-B49.5,DC,high,no,74,0.6,96.15384615384616,57.0,57.0,26,1,,26,2026-02-18 16:15:43
57,v1,KXHIGHTDC-26FEB19-T49,DC,high,no,75,0.6,96.0,57.0,57.0,25,1,,-75,2026-02-18 16:15:43
58,v1,KXHIGHTATL-26FEB19-B77.5,ATL,high,no,75,0.6,96.0,68.0,68.0,25,1,,25,2026-02-18 16:15:43
59,v1,KXHIGHTATL-26FEB19-B75.5,ATL,high,no,80,0.6,95.0,68.0,68.0,20,1,,20,2026-02-18 16:15:43
60,v1,KXHIGHTATL-26FEB19-B79.5,ATL,high,no,83,0.6,94.11764705882352,68.0,68.0,17,1,,-83,2026-02-18 16:15:43
61,v1,KXHIGHTATL-26FEB19-T80,ATL,high,no,86,0.6,92.85714285714286,68.0,68.0,14,1,,14,2026-02-18 16:15:43
62,v1,KXHIGHTDC-26FEB19-B51.5,DC,high,no,77,0.6,73.91304347826086,57.0,57.0,23,1,,23,2026-02-18 16:15:43
63,v1,KXHIGHTBOS-26FEB18-B42.5,BOS,high,no,87,0.75,53.84615384615385,38.0,38.0,13,1,,13,2026-02-18 16:15:43
64,v1,KXLOWTMIA-26FEB19-B63.5,MIA,low,no,90,0.5,40.0,69.0,69.0,10,1,,-90,2026-02-18 16:15:43
65,v1,KXHIGHTDC-26FEB19-B49.5,DC,high,no,74,0.6,96.15384615384616,57.0,57.0,26,1,,26,2026-02-18 16:15:43
66,v1,KXHIGHPHIL-26FEB18-B48.5,PHI,high,no,53,0.6,78.72340425531915,45.0,45.0,47,1,,47,2026-02-18 16:15:43
67,v2,KXHIGHNY-26FEB19-T40,NYC,high,no,90,0.7,90.0,44.0,44.0,10,1,,10,2026-02-18 17:15:41
68,v2,KXHIGHTATL-26FEB19-B79.5,ATL,high,no,80,0.75,95.0,68.0,68.0,20,1,,-80,2026-02-18 17:15:41
69,v2,KXHIGHTATL-26FEB19-B75.5,ATL,high,no,80,0.75,95.0,68.0,68.0,20,1,,20,2026-02-18 17:15:41
70,v2,KXHIGHTATL-26FEB19-T80,ATL,high,no,85,0.75,93.33333333333333,68.0,68.0,15,1,,15,2026-02-18 17:15:41
71,v2,KXHIGHTDC-26FEB19-B51.5,DC,high,no,81,0.7,94.73684210526315,57.0,57.0,19,1,,19,2026-02-18 17:15:41
72,v2,KXHIGHTATL-26FEB19-B77.5,ATL,high,no,70,0.75,96.66666666666667,68.0,68.0,30,1,,30,2026-02-18 17:15:41
73,v2,KXHIGHPHIL-26FEB18-B48.5,PHI,high,no,49,0.75,96.07843137254902,45.0,45.0,51,1,,51,2026-02-18 17:15:41
74,v2,KXHIGHTDC-26FEB19-T49,DC,high,no,61,0.7,97.43589743589743,57.0,57.0,39,1,,-61,2026-02-18 17:15:41
75,v2,KXHIGHTDC-26FEB19-B49.5,DC,high,no,74,0.7,96.15384615384616,57.0,57.0,26,1,,26,2026-02-18 17:15:41
76,v2,KXLOWTMIA-26FEB19-B63.5,MIA,low,no,90,0.5,40.0,69.0,69.0,10,1,,-90,2026-02-18 17:15:41
77,v1,KXHIGHTATL-26FEB19-B79.5,ATL,high,no,80,0.75,95.0,68.0,68.0,20,1,,-80,2026-02-18 17:15:41
78,v1,KXHIGHTATL-26FEB19-B75.5,ATL,high,no,80,0.75,95.0,68.0,68.0,20,1,,20,2026-02-18 17:15:41
79,v1,KXHIGHTATL-26FEB19-T80,ATL,high,no,85,0.75,93.33333333333333,68.0,68.0,15,1,,15,2026-02-18 17:15:41
80,v1,KXHIGHTDC-26FEB19-B51.5,DC,high,no,81,0.7,73.68421052631578,57.0,57.0,19,1,,19,2026-02-18 17:15:41
81,v1,KXHIGHNY-26FEB19-T40,NYC,high,no,90,0.7,40.0,44.0,44.0,10,1,,10,2026-02-18 17:15:41
82,v1,KXHIGHTATL-26FEB19-B77.5,ATL,high,no,70,0.75,96.66666666666667,68.0,68.0,30,1,,30,2026-02-18 17:15:41
83,v1,KXHIGHTDC-26FEB19-T49,DC,high,no,61,0.7,97.43589743589743,57.0,57.0,39,1,,-61,2026-02-18 17:15:41
84,v1,KXHIGHTDC-26FEB19-B49.5,DC,high,no,74,0.7,96.15384615384616,57.0,57.0,26,1,,26,2026-02-18 17:15:41
85,v1,KXHIGHPHIL-26FEB18-B48.5,PHI,high,no,49,0.75,88.23529411764706,45.0,45.0,51,1,,51,2026-02-18 17:15:41
86,v1,KXLOWTMIA-26FEB19-B63.5,MIA,low,no,90,0.5,40.0,69.0,69.0,10,1,,-90,2026-02-18 17:15:41
87,v2,KXHIGHTATL-26FEB19-B79.5,ATL,high,no,80,0.75,95.0,68.0,68.0,20,1,,-80,2026-02-18 18:15:29
88,v2,KXHIGHTATL-26FEB19-T80,ATL,high,no,88,0.75,91.66666666666666,68.0,68.0,12,1,,12,2026-02-18 18:15:29
89,v2,KXHIGHTDC-26FEB19-B51.5,DC,high,no,80,0.75,85.0,57.0,57.0,20,1,,20,2026-02-18 18:15:29
90,v2,KXLOWTNYC-26FEB19-B32.5,NYC,low,no,90,0.6,80.0,38.0,38.0,10,1,,10,2026-02-18 18:15:29
91,v2,KXLOWTMIA-26FEB19-B63.5,MIA,low,no,90,0.6,80.0,69.0,69.0,10,1,,-90,2026-02-18 18:15:29
92,v2,KXLOWTNYC-26FEB19-B34.5,NYC,low,no,77,0.6,65.21739130434783,38.0,38.0,23,1,,23,2026-02-18 18:15:29
93,v2,KXHIGHMIA-26FEB18-B78.5,MIA,high,no,65,0.8500000000000001,77.14285714285715,77.0,77.0,35,1,,35,2026-02-18 18:15:29
94,v2,KXHIGHTDC-26FEB19-T49,DC,high,no,67,0.75,96.96969696969697,57.0,57.0,33,1,,-67,2026-02-18 18:15:29
95,v2,KXHIGHTDC-26FEB19-B49.5,DC,high,no,69,0.75,96.7741935483871,57.0,57.0,31,1,,31,2026-02-18 18:15:29
96,v2,KXHIGHTATL-26FEB19-B77.5,ATL,high,no,70,0.75,96.66666666666667,68.0,68.0,30,1,,30,2026-02-18 18:15:29
97,v1,KXHIGHTATL-26FEB19-B79.5,ATL,high,no,80,0.75,95.0,68.0,68.0,20,1,,-80,2026-02-18 18:15:29
98,v1,KXHIGHTATL-26FEB19-T80,ATL,high,no,88,0.75,91.66666666666666,68.0,68.0,12,1,,12,2026-02-18 18:15:29
99,v1,KXLOWTMIA-26FEB19-B63.5,MIA,low,no,90,0.6,80.0,69.0,69.0,10,1,,-90,2026-02-18 18:15:29
100,v1,KXHIGHTDC-26FEB19-B51.5,DC,high,no,80,0.75,60.0,57.0,57.0,20,1,,20,2026-02-18 18:15:29
101,v1,KXHIGHTDC-26FEB19-T49,DC,high,no,67,0.75,96.96969696969697,57.0,57.0,33,1,,-67,2026-02-18 18:15:29
102,v1,KXHIGHTDC-26FEB19-B49.5,DC,high,no,69,0.75,96.7741935483871,57.0,57.0,31,1,,31,2026-02-18 18:15:29
103,v1,KXHIGHTATL-26FEB19-B77.5,ATL,high,no,70,0.75,96.66666666666667,68.0,68.0,30,1,,30,2026-02-18 18:15:29
104,v1,KXHIGHTATL-26FEB19-B75.5,ATL,high,no,72,0.75,96.42857142857143,68.0,68.0,28,1,,28,2026-02-18 18:15:29
105,v1,KXLOWTNYC-26FEB19-B32.5,NYC,low,no,90,0.5,40.0,38.0,38.0,10,1,,10,2026-02-18 18:15:29
106,v1,KXHIGHPHIL-26FEB18-B48.5,PHI,high,no,48,0.7,82.6923076923077,45.0,45.0,52,1,,52,2026-02-18 18:15:29
107,v2,KXHIGHTATL-26FEB19-B79.5,ATL,high,no,80,0.8500000000000001,95.0,68.0,68.0,20,1,,-80,2026-02-18 19:15:30
108,v2,KXHIGHTATL-26FEB19-T80,ATL,high,no,88,0.8500000000000001,91.66666666666666,68.0,68.0,12,1,,12,2026-02-18 19:15:30
109,v2,KXHIGHPHIL-26FEB19-B41.5,PHI,high,no,85,0.8,93.33333333333333,45.0,45.0,15,1,,15,2026-02-18 19:15:30
110,v2,KXLOWTMIA-26FEB19-B63.5,MIA,low,no,90,0.6,90.0,70.0,70.0,10,1,,-90,2026-02-18 19:15:30
111,v2,KXHIGHTDC-26FEB19-B49.5,DC,high,no,79,0.7,95.23809523809523,57.0,57.0,21,1,,21,2026-02-18 19:15:30
112,v2,KXHIGHTDC-26FEB19-B51.5,DC,high,no,85,0.7,93.33333333333333,57.0,57.0,15,1,,15,2026-02-18 19:15:30
113,v2,KXHIGHTATL-26FEB19-B77.5,ATL,high,no,70,0.8500000000000001,96.66666666666667,68.0,68.0,30,1,,30,2026-02-18 19:15:30
114,v2,KXHIGHTATL-26FEB19-B75.5,ATL,high,no,72,0.8500000000000001,96.42857142857143,68.0,68.0,28,1,,28,2026-02-18 19:15:30
115,v2,KXHIGHTDC-26FEB19-T49,DC,high,no,60,0.7,97.5,57.0,57.0,40,1,,-60,2026-02-18 19:15:30
116,v2,KXLOWTMIA-26FEB19-B65.5,MIA,low,no,72,0.6,85.71428571428571,70.0,70.0,28,1,,28,2026-02-18 19:15:30
117,v1,KXHIGHTATL-26FEB19-B79.5,ATL,high,no,80,0.8500000000000001,95.0,68.0,68.0,20,1,,-80,2026-02-18 19:15:30
118,v1,KXHIGHTATL-26FEB19-T80,ATL,high,no,88,0.8500000000000001,91.66666666666666,68.0,68.0,12,1,,12,2026-02-18 19:15:30
119,v1,KXLOWTMIA-26FEB19-B63.5,MIA,low,no,90,0.6,90.0,70.0,70.0,10,1,,-90,2026-02-18 19:15:30
120,v1,KXHIGHTDC-26FEB19-B49.5,DC,high,no,79,0.7,95.23809523809523,57.0,57.0,21,1,,21,2026-02-18 19:15:30
121,v1,KXHIGHTDC-26FEB19-B51.5,DC,high,no,85,0.7,66.66666666666666,57.0,57.0,15,1,,15,2026-02-18 19:15:30
122,v1,KXHIGHPHIL-26FEB19-B41.5,PHI,high,no,85,0.8,46.666666666666664,45.0,45.0,15,1,,15,2026-02-18 19:15:30
123,v1,KXHIGHTATL-26FEB19-B77.5,ATL,high,no,70,0.8500000000000001,96.66666666666667,68.0,68.0,30,1,,30,2026-02-18 19:15:30
124,v1,KXHIGHTATL-26FEB19-B75.5,ATL,high,no,72,0.8500000000000001,96.42857142857143,68.0,68.0,28,1,,28,2026-02-18 19:15:30
125,v1,KXHIGHTDC-26FEB19-T49,DC,high,no,60,0.7,97.5,57.0,57.0,40,1,,-60,2026-02-18 19:15:30
126,v1,KXLOWTMIA-26FEB19-B65.5,MIA,low,no,72,0.6,85.71428571428571,70.0,70.0,28,1,,28,2026-02-18 19:15:30
127,v2,KXHIGHNY-26FEB19-T40,NYC,high,no,82,0.7,94.44444444444444,43.0,43.0,18,1,,18,2026-02-18 20:15:31
128,v2,KXHIGHTATL-26FEB19-B79.5,ATL,high,no,78,0.8,95.45454545454545,68.0,68.0,22,1,,-78,2026-02-18 20:15:31
129,v2,KXHIGHPHIL-26FEB19-B41.5,PHI,high,no,85,0.8,93.33333333333333,45.0,45.0,15,1,,15,2026-02-18 20:15:31
130,v2,KXHIGHTATL-26FEB19-T80,ATL,high,no,87,0.8,92.3076923076923,68.0,68.0,13,1,,13,2026-02-18 20:15:31
131,v2,KXLOWTMIA-26FEB19-B63.5,MIA,low,no,90,0.6,90.0,70.0,70.0,10,1,,-90,2026-02-18 20:15:31
132,v2,KXHIGHTATL-26FEB19-B77.5,ATL,high,no,70,0.8,96.66666666666667,68.0,68.0,30,1,,30,2026-02-18 20:15:31
133,v2,KXHIGHPHIL-26FEB19-B43.5,PHI,high,no,72,0.8,96.42857142857143,45.0,45.0,28,1,,28,2026-02-18 20:15:31
134,v2,KXHIGHTATL-26FEB19-B75.5,ATL,high,no,72,0.8,96.42857142857143,68.0,68.0,28,1,,28,2026-02-18 20:15:31
135,v2,KXHIGHTDC-26FEB19-T49,DC,high,no,54,0.7,97.82608695652173,57.0,57.0,46,1,,-54,2026-02-18 20:15:31
136,v2,KXHIGHTDC-26FEB19-B49.5,DC,high,no,74,0.7,96.15384615384616,57.0,57.0,26,1,,26,2026-02-18 20:15:31
137,v1,KXHIGHTATL-26FEB19-B79.5,ATL,high,no,78,0.8,95.45454545454545,68.0,68.0,22,1,,-78,2026-02-18 20:15:31
138,v1,KXHIGHTATL-26FEB19-T80,ATL,high,no,87,0.8,92.3076923076923,68.0,68.0,13,1,,13,2026-02-18 20:15:31
139,v1,KXLOWTMIA-26FEB19-B63.5,MIA,low,no,90,0.6,90.0,70.0,70.0,10,1,,-90,2026-02-18 20:15:31
140,v1,KXHIGHPHIL-26FEB19-B41.5,PHI,high,no,85,0.8,86.66666666666667,45.0,45.0,15,1,,15,2026-02-18 20:15:31
141,v1,KXHIGHTATL-26FEB19-B77.5,ATL,high,no,70,0.8,96.66666666666667,68.0,68.0,30,1,,30,2026-02-18 20:15:31
142,v1,KXHIGHTATL-26FEB19-B75.5,ATL,high,no,72,0.8,96.42857142857143,68.0,68.0,28,1,,28,2026-02-18 20:15:31
143,v1,KXHIGHNY-26FEB19-T40,NYC,high,no,82,0.7,33.33333333333333,43.0,43.0,18,1,,18,2026-02-18 20:15:31
144,v1,KXHIGHTDC-26FEB19-T49,DC,high,no,54,0.7,97.82608695652173,57.0,57.0,46,1,,-54,2026-02-18 20:15:31
145,v1,KXHIGHTDC-26FEB19-B49.5,DC,high,no,74,0.7,96.15384615384616,57.0,57.0,26,1,,26,2026-02-18 20:15:31
146,v1,KXLOWTMIA-26FEB19-B65.5,MIA,low,no,72,0.6,85.71428571428571,70.0,70.0,28,1,,28,2026-02-18 20:15:31
147,v2,KXHIGHNY-26FEB19-T40,NYC,high,no,82,0.7,94.44444444444444,43.0,43.0,18,1,,18,2026-02-18 21:15:30
148,v2,KXHIGHTBOS-26FEB19-B42.5,BOS,high,no,88,0.8500000000000001,91.66666666666666,38.0,38.0,12,1,,12,2026-02-18 21:15:30
149,v2,KXHIGHPHIL-26FEB19-B41.5,PHI,high,no,85,0.8,93.33333333333333,45.0,45.0,15,1,,15,2026-02-18 21:15:30
150,v2,KXHIGHTDC-26FEB19-B49.5,DC,high,no,79,0.75,95.23809523809523,57.0,57.0,21,1,,21,2026-02-18 21:15:30
151,v2,KXHIGHTDC-26FEB19-B51.5,DC,high,no,84,0.75,93.75,57.0,57.0,16,1,,16,2026-02-18 21:15:30
152,v2,KXHIGHTATL-26FEB19-B79.5,ATL,high,no,79,0.7,95.23809523809523,68.0,68.0,21,1,,-79,2026-02-18 21:15:30
153,v2,KXHIGHTATL-26FEB19-T80,ATL,high,no,87,0.7,92.3076923076923,68.0,68.0,13,1,,13,2026-02-18 21:15:30
154,v2,KXLOWTMIA-26FEB19-B63.5,MIA,low,no,90,0.5,70.0,70.0,70.0,10,1,,-90,2026-02-18 21:15:30
155,v2,KXHIGHPHIL-26FEB19-B43.5,PHI,high,no,72,0.8,96.42857142857143,45.0,45.0,28,1,,28,2026-02-18 21:15:30
156,v2,KXHIGHTDC-26FEB19-T49,DC,high,no,52,0.75,97.91666666666666,57.0,57.0,48,1,,-52,2026-02-18 21:15:30
157,v1,KXHIGHTATL-26FEB19-B79.5,ATL,high,no,79,0.8,95.23809523809523,68.0,68.0,21,1,,-79,2026-02-18 21:15:30
158,v1,KXHIGHTATL-26FEB19-T80,ATL,high,no,87,0.8,92.3076923076923,68.0,68.0,13,1,,13,2026-02-18 21:15:30
159,v1,KXHIGHTDC-26FEB19-B49.5,DC,high,no,79,0.75,95.23809523809523,57.0,57.0,21,1,,21,2026-02-18 21:15:30
160,v1,KXHIGHTDC-26FEB19-B51.5,DC,high,no,84,0.75,93.75,57.0,57.0,16,1,,16,2026-02-18 21:15:30
161,v1,KXHIGHPHIL-26FEB19-B41.5,PHI,high,no,85,0.8,86.66666666666667,45.0,45.0,15,1,,15,2026-02-18 21:15:30
162,v1,KXLOWTMIA-26FEB19-B63.5,MIA,low,no,90,0.5,70.0,70.0,70.0,10,1,,-90,2026-02-18 21:15:30
163,v1,KXHIGHTBOS-26FEB19-T36,BOS,high,no,88,0.8500000000000001,41.66666666666667,38.0,38.0,12,1,,12,2026-02-18 21:15:30
164,v1,KXHIGHTATL-26FEB19-B77.5,ATL,high,no,70,0.8,96.66666666666667,68.0,68.0,30,1,,30,2026-02-18 21:15:30
165,v1,KXHIGHTATL-26FEB19-B75.5,ATL,high,no,72,0.8,96.42857142857143,68.0,68.0,28,1,,28,2026-02-18 21:15:30
166,v1,KXHIGHNY-26FEB19-T40,NYC,high,no,82,0.7,33.33333333333333,43.0,43.0,18,1,,18,2026-02-18 21:15:30
167,v2,KXHIGHMIA-26FEB19-B84.5,MIA,high,no,78,0.7,95.45454545454545,77.0,77.0,22,1,,22,2026-02-18 22:15:29
168,v2,KXHIGHNY-26FEB19-T40,NYC,high,no,80,0.6,95.0,43.0,43.0,20,1,,20,2026-02-18 22:15:29
169,v2,KXHIGHTBOS-26FEB19-B42.5,BOS,high,no,88,0.75,91.66666666666666,38.0,38.0,12,1,,12,2026-02-18 22:15:29
170,v2,KXHIGHPHIL-26FEB19-B41.5,PHI,high,no,84,0.7,93.75,46.0,46.0,16,1,,16,2026-02-18 22:15:29
171,v2,KXHIGHTDC-26FEB19-B49.5,DC,high,no,76,0.65,95.83333333333334,54.0,54.0,24,1,,24,2026-02-18 22:15:29
172,v2,KXHIGHTDC-26FEB19-B51.5,DC,high,no,90,0.65,90.0,54.0,54.0,10,1,,10,2026-02-18 22:15:29
173,v2,KXHIGHTATL-26FEB19-B79.5,ATL,high,no,79,0.6,95.23809523809523,68.0,68.0,21,1,,-79,2026-02-18 22:15:29
174,v2,KXHIGHTATL-26FEB19-T80,ATL,high,no,87,0.6,92.3076923076923,68.0,68.0,13,1,,13,2026-02-18 22:15:29
175,v2,KXLOWTMIA-26FEB19-B63.5,MIA,low,no,90,0.5,70.0,70.0,70.0,10,1,,-90,2026-02-18 22:15:29
176,v2,KXHIGHTDC-26FEB19-T49,DC,high,no,48,0.65,98.07692307692307,54.0,54.0,52,1,,-48,2026-02-18 22:15:29
177,v1,KXHIGHMIA-26FEB19-B84.5,MIA,high,no,78,0.7,86.36363636363636,77.0,77.0,22,1,,22,2026-02-18 22:15:29
178,v1,KXHIGHTATL-26FEB19-B79.5,ATL,high,no,79,0.7,95.23809523809523,68.0,68.0,21,1,,-79,2026-02-18 22:15:29
179,v1,KXHIGHTATL-26FEB19-T80,ATL,high,no,87,0.7,92.3076923076923,68.0,68.0,13,1,,13,2026-02-18 22:15:29
180,v1,KXHIGHTDC-26FEB19-B49.5,DC,high,no,76,0.65,87.5,54.0,54.0,24,1,,24,2026-02-18 22:15:29
181,v1,KXLOWTMIA-26FEB19-B63.5,MIA,low,no,90,0.5,70.0,70.0,70.0,10,1,,-90,2026-02-18 22:15:29
182,v1,KXHIGHPHIL-26FEB19-B41.5,PHI,high,no,84,0.7,56.25,46.0,46.0,16,1,,16,2026-02-18 22:15:29
183,v1,KXHIGHTATL-26FEB19-B77.5,ATL,high,no,69,0.7,96.7741935483871,68.0,68.0,31,1,,31,2026-02-18 22:15:29
184,v1,KXHIGHTATL-26FEB19-B75.5,ATL,high,no,72,0.7,96.42857142857143,68.0,68.0,28,1,,28,2026-02-18 22:15:29
185,v1,KXHIGHTDC-26FEB19-T49,DC,high,no,48,0.65,98.07692307692307,54.0,54.0,52,1,,-48,2026-02-18 22:15:29
186,v1,KXHIGHNY-26FEB19-T40,NYC,high,no,80,0.6,30.0,43.0,43.0,20,1,,20,2026-02-18 22:15:29
187,v2,KXHIGHMIA-26FEB19-B84.5,MIA,high,no,78,0.65,68.18181818181817,77.0,77.0,22,1,,22,2026-02-18 23:15:29
188,v2,KXHIGHTATL-26FEB19-B75.5,ATL,high,no,75,0.6,96.0,68.0,68.0,25,1,,25,2026-02-18 23:15:29
189,v2,KXHIGHTATL-26FEB19-B79.5,ATL,high,no,79,0.6,95.23809523809523,68.0,68.0,21,1,,-79,2026-02-18 23:15:29
190,v2,KXHIGHTATL-26FEB19-T80,ATL,high,no,87,0.6,92.3076923076923,68.0,68.0,13,1,,13,2026-02-18 23:15:29
191,v2,KXLOWTMIA-26FEB19-B63.5,MIA,low,no,90,0.5,70.0,70.0,70.0,10,1,,-90,2026-02-18 23:15:29
192,v2,KXHIGHPHIL-26FEB19-B41.5,PHI,high,no,83,0.7,41.17647058823529,45.0,45.0,17,1,,17,2026-02-18 23:15:29
193,v2,KXHIGHTBOS-26FEB19-B42.5,BOS,high,no,88,0.75,33.33333333333333,38.0,38.0,12,1,,12,2026-02-18 23:15:29
194,v2,KXLOWTNYC-26FEB19-B34.5,NYC,low,no,75,0.5,36.0,38.0,38.0,25,1,,25,2026-02-18 23:15:29
195,v2,KXHIGHTATL-26FEB19-B77.5,ATL,high,no,69,0.6,96.7741935483871,68.0,68.0,31,1,,31,2026-02-18 23:15:29
196,v2,KXLOWTPHIL-26FEB18-B33.5,PHI,low,no,1,0.5,83.83838383838383,37.0,37.0,99,1,,-1,2026-02-18 23:15:29
197,v1,KXLOWTMIA-26FEB19-B63.5,MIA,low,no,90,0.4,60.0,70.0,70.0,10,1,,-90,2026-02-18 23:15:29
198,v1,KXHIGHTATL-26FEB19-B79.5,ATL,high,no,79,0.4,47.61904761904761,76.0,76.0,21,1,,-79,2026-02-18 23:15:29
199,v1,KXLOWTNYC-26FEB19-B34.5,NYC,low,no,75,0.4,36.0,38.0,38.0,25,1,,25,2026-02-18 23:15:29
200,v1,KXLOWTPHIL-26FEB18-B33.5,PHI,low,no,1,0.5,83.83838383838383,37.0,37.0,99,1,,-1,2026-02-18 23:15:29
201,v1,KXHIGHTBOS-26FEB19-B42.5,BOS,high,no,88,0.4,41.66666666666667,38.0,38.0,12,1,,12,2026-02-18 23:15:29
202,v1,KXLOWTMIA-26FEB19-B65.5,MIA,low,no,70,0.4,63.33333333333333,70.0,70.0,30,1,,30,2026-02-18 23:15:29
203,v1,KXHIGHTATL-26FEB19-T80,ATL,high,no,87,0.4,23.076923076923077,76.0,76.0,13,1,,13,2026-02-18 23:15:29
204,v1,KXHIGHTDC-26FEB19-T49,DC,high,yes,63,0.4,15.873015873015872,47.0,47.0,63,1,,37,2026-02-18 23:15:29
205,v2,KXLOWTMIA-26FEB19-B63.5,MIA,low,no,90,0.5,70.0,70.0,70.0,10,1,,-90,2026-02-19 00:15:25
206,v2,KXHIGHTATL-26FEB19-B79.5,ATL,high,no,81,0.55,63.1578947368421,76.0,76.0,19,1,,-81,2026-02-19 00:15:25
207,v2,KXLOWTNYC-26FEB19-B34.5,NYC,low,no,76,0.5,33.33333333333333,38.0,38.0,24,1,,24,2026-02-19 00:15:25
208,v2,KXLOWTMIA-26FEB19-B65.5,MIA,low,no,70,0.5,63.33333333333333,70.0,70.0,30,1,,30,2026-02-19 00:15:25
209,v1,KXLOWTMIA-26FEB19-B63.5,MIA,low,no,90,0.5,70.0,70.0,70.0,10,1,,-90,2026-02-19 00:15:25
210,v1,KXHIGHTATL-26FEB19-B79.5,ATL,high,no,81,0.55,63.1578947368421,76.0,76.0,19,1,,-81,2026-02-19 00:15:25
211,v1,KXLOWTNYC-26FEB19-B34.5,NYC,low,no,76,0.5,33.33333333333333,38.0,38.0,24,1,,24,2026-02-19 00:15:25
212,v1,KXLOWTMIA-26FEB19-B65.5,MIA,low,no,70,0.5,63.33333333333333,70.0,70.0,30,1,,30,2026-02-19 00:15:25
213,v1,KXHIGHTBOS-26FEB19-T36,BOS,high,no,88,0.65,16.666666666666664,38.0,38.0,12,1,,12,2026-02-19 00:15:25
214,v2,KXHIGHTATL-26FEB19-B79.5,ATL,high,no,80,0.55,75.0,76.0,76.0,20,1,,-80,2026-02-19 01:15:27
215,v2,KXLOWTNYC-26FEB19-B34.5,NYC,low,no,77,0.65,30.434782608695656,38.0,38.0,23,1,,23,2026-02-19 01:15:27
216,v2,KXHIGHTBOS-26FEB19-T36,BOS,high,no,85,0.65,20.0,38.0,38.0,15,1,,15,2026-02-19 01:15:27
217,v1,KXHIGHTATL-26FEB19-B79.5,ATL,high,no,80,0.55,75.0,76.0,76.0,20,1,,-80,2026-02-19 01:15:27
218,v1,KXHIGHTBOS-26FEB19-T36,BOS,high,no,85,0.65,40.0,38.0,38.0,15,1,,15,2026-02-19 01:15:27
219,v1,KXLOWTNYC-26FEB19-B34.5,NYC,low,no,77,0.65,30.434782608695656,38.0,38.0,23,1,,23,2026-02-19 01:15:27
220,v2,KXHIGHTATL-26FEB19-B79.5,ATL,high,no,82,0.55,66.66666666666666,76.0,76.0,18,1,,-82,2026-02-19 02:15:26
221,v2,KXLOWTNYC-26FEB19-B34.5,NYC,low,no,79,0.65,23.809523809523807,38.0,38.0,21,1,,21,2026-02-19 02:15:26
222,v1,KXHIGHTATL-26FEB19-B79.5,ATL,high,no,82,0.55,66.66666666666666,76.0,76.0,18,1,,-82,2026-02-19 02:15:26
223,v1,KXLOWTNYC-26FEB19-B34.5,NYC,low,no,79,0.65,23.809523809523807,38.0,38.0,21,1,,21,2026-02-19 02:15:26
224,v2,KXHIGHTATL-26FEB19-B79.5,ATL,high,no,82,0.55,66.66666666666666,76.0,76.0,18,1,,-82,2026-02-19 03:15:26
225,v2,KXLOWTNYC-26FEB19-B34.5,NYC,low,no,78,0.65,27.27272727272727,38.0,38.0,22,1,,22,2026-02-19 03:15:26
226,v2,KXHIGHPHIL-26FEB19-B47.5,PHI,high,no,87,0.65,30.76923076923077,45.0,45.0,13,1,,13,2026-02-19 03:15:26
227,v1,KXHIGHTATL-26FEB19-B79.5,ATL,high,no,82,0.55,66.66666666666666,76.0,76.0,18,1,,-82,2026-02-19 03:15:26
228,v1,KXLOWTNYC-26FEB19-B34.5,NYC,low,no,78,0.65,27.27272727272727,38.0,38.0,22,1,,22,2026-02-19 03:15:26
229,v2,KXLOWTMIA-26FEB19-T68,MIA,low,no,81,0.8,78.94736842105263,70.0,70.0,19,1,,19,2026-02-19 04:15:26
230,v2,KXHIGHTATL-26FEB19-B79.5,ATL,high,no,81,0.55,68.42105263157895,76.0,76.0,19,1,,-81,2026-02-19 04:15:26
231,v2,KXLOWTMIA-26FEB19-B67.5,MIA,low,no,65,0.8,77.14285714285715,70.0,70.0,35,1,,35,2026-02-19 04:15:26
232,v2,KXHIGHPHIL-26FEB19-B47.5,PHI,high,no,87,0.55,46.15384615384615,45.0,45.0,13,1,,13,2026-02-19 04:15:26
233,v1,KXHIGHTATL-26FEB19-B79.5,ATL,high,no,81,0.55,68.42105263157895,76.0,76.0,19,1,,-81,2026-02-19 04:15:26
234,v2,KXHIGHPHIL-26FEB19-B47.5,PHI,high,no,82,0.55,55.55555555555556,44.0,44.0,18,1,,18,2026-02-19 11:15:40
235,v2,KXHIGHPHIL-26FEB19-T48,PHI,high,no,90,0.55,40.0,44.0,44.0,10,1,,10,2026-02-19 11:15:40
236,v2,KXHIGHTATL-26FEB19-B79.5,ATL,high,no,85,0.5,26.666666666666668,76.0,76.0,15,1,,-85,2026-02-19 11:15:40
237,v2,KXLOWTPHIL-26FEB19-T38,PHI,low,yes,53,0.6,26.41509433962264,37.0,37.0,53,1,,-53,2026-02-19 11:15:40
238,v1,KXHIGHPHIL-26FEB19-B47.5,PHI,high,no,82,0.55,55.55555555555556,44.0,44.0,18,1,,18,2026-02-19 11:15:40
239,v1,KXLOWTMIA-26FEB19-B63.5,MIA,low,no,20,0.6,80.0,71.0,71.0,80,1,,-20,2026-02-19 11:15:40
240,v1,KXHIGHPHIL-26FEB19-T48,PHI,high,no,90,0.55,40.0,44.0,44.0,10,1,,10,2026-02-19 11:15:40
241,v1,KXHIGHTATL-26FEB19-B79.5,ATL,high,no,85,0.5,26.666666666666668,76.0,76.0,15,1,,-85,2026-02-19 11:15:40
242,v2,KXLOWTMIA-26FEB19-B63.5,MIA,low,no,59,0.65,97.5609756097561,71.0,71.0,41,1,,-59,2026-02-19 12:15:30
243,v2,KXHIGHPHIL-26FEB19-B47.5,PHI,high,no,86,0.5,21.428571428571427,44.0,44.0,14,1,,14,2026-02-19 12:15:30
244,v2,KXHIGHTATL-26FEB19-B79.5,ATL,high,no,86,0.5,21.428571428571427,76.0,76.0,14,1,,-86,2026-02-19 12:15:30
245,v1,KXLOWTMIA-26FEB19-B63.5,MIA,low,no,59,0.6,90.2439024390244,71.0,71.0,41,1,,-59,2026-02-19 12:15:30
246,v1,KXLOWTMIA-26FEB19-B65.5,MIA,low,no,47,0.6,75.47169811320755,71.0,71.0,53,1,,53,2026-02-19 12:15:30
247,v1,KXHIGHPHIL-26FEB19-B47.5,PHI,high,no,86,0.5,21.428571428571427,44.0,44.0,14,1,,14,2026-02-19 12:15:30
248,v1,KXHIGHTATL-26FEB19-B79.5,ATL,high,no,86,0.5,21.428571428571427,76.0,76.0,14,1,,-86,2026-02-19 12:15:30
249,v2,KXHIGHTATL-26FEB19-B79.5,ATL,high,no,81,0.5,42.10526315789473,76.0,76.0,19,1,,-81,2026-02-19 13:15:33
250,v1,KXLOWTMIA-26FEB19-B65.5,MIA,low,no,7,0.6,86.02150537634408,71.0,71.0,93,1,,93,2026-02-19 13:15:33
251,v1,KXHIGHTATL-26FEB19-B79.5,ATL,high,no,81,0.5,42.10526315789473,76.0,76.0,19,1,,-81,2026-02-19 13:15:33
252,v2,KXLOWTMIA-26FEB19-B63.5,MIA,low,no,89,0.6,45.45454545454545,71.0,71.0,11,1,,-89,2026-02-19 14:15:34
253,v2,KXLOWTMIA-26FEB19-B65.5,MIA,low,no,11,0.6,82.02247191011236,71.0,71.0,89,1,,89,2026-02-19 14:15:34
254,v2,KXHIGHTATL-26FEB19-B79.5,ATL,high,no,84,0.5,31.25,76.0,76.0,16,1,,-84,2026-02-19 14:15:34
255,v1,KXLOWTMIA-26FEB19-B63.5,MIA,low,no,89,0.5,90.9090909090909,71.0,71.0,11,1,,-89,2026-02-19 14:15:34
256,v1,KXLOWTMIA-26FEB19-B65.5,MIA,low,no,11,0.5,93.25842696629213,71.0,71.0,89,1,,89,2026-02-19 14:15:34
257,v1,KXHIGHTATL-26FEB19-B79.5,ATL,high,no,84,0.5,31.25,76.0,76.0,16,1,,-84,2026-02-19 14:15:34
258,v2,KXLOWTNYC-26FEB20-B32.5,NYC,low,no,89,0.4,63.63636363636363,39.0,39.0,11,0,,0,2026-02-19 15:15:29
259,v2,KXLOWTMIA-26FEB19-B65.5,MIA,low,no,6,0.5,93.61702127659575,71.0,71.0,94,1,,94,2026-02-19 15:15:29
260,v2,KXHIGHPHIL-26FEB20-B50.5,PHI,high,no,82,0.4,38.88888888888889,47.0,47.0,18,0,,0,2026-02-19 15:15:29
261,v2,KXLOWTNYC-26FEB20-B32.5,NYC,low,no,87,0.4,69.23076923076923,39.0,39.0,13,0,,0,2026-02-19 16:16:00
262,v2,KXLOWTMIA-26FEB20-B64.5,MIA,low,no,81,0.4,63.1578947368421,70.0,70.0,19,0,,0,2026-02-19 16:16:00
263,v2,KXLOWTMIA-26FEB19-B65.5,MIA,low,no,3,0.5,93.81443298969072,71.0,71.0,97,1,,97,2026-02-19 16:16:00
264,v2,KXLOWTNYC-26FEB20-B34.5,NYC,low,no,84,0.4,31.25,39.0,39.0,16,0,,0,2026-02-19 16:16:00
265,v2,KXHIGHNY-26FEB20-T39,NYC,high,no,87,0.4,30.76923076923077,42.0,42.0,13,0,,0,2026-02-19 16:16:00
266,v2,KXHIGHPHIL-26FEB20-B50.5,PHI,high,no,90,0.4,30.0,47.0,47.0,10,0,,0,2026-02-19 16:16:00
267,v2,KXLOWTMIA-26FEB20-B66.5,MIA,low,no,67,0.4,51.515151515151516,70.0,70.0,33,0,,0,2026-02-19 16:16:00
268,v1,KXLOWTMIA-26FEB19-B65.5,MIA,low,no,3,0.5,93.81443298969072,71.0,71.0,97,1,,97,2026-02-19 16:16:00
269,v1,KXLOWTMIA-26FEB20-B64.5,MIA,low,no,81,0.4,42.10526315789473,70.0,70.0,19,0,,0,2026-02-19 16:16:00
270,v1,KXHIGHTATL-26FEB20-B77.5,ATL,high,no,82,0.4,50.0,75.0,75.0,18,0,,0,2026-02-19 16:16:00
271,v1,KXHIGHPHIL-26FEB20-B50.5,PHI,high,no,90,0.4,40.0,47.0,47.0,10,0,,0,2026-02-19 16:16:00
272,v1,KXHIGHTDC-26FEB20-T54,DC,high,no,28,0.4,76.38888888888889,56.0,56.0,72,0,,0,2026-02-19 16:16:00
273,v2,KXLOWTNYC-26FEB20-B32.5,NYC,low,no,85,0.4,73.33333333333333,39.0,39.0,15,0,,0,2026-02-19 17:15:40
274,v2,KXLOWTMIA-26FEB20-B64.5,MIA,low,no,81,0.4,63.1578947368421,70.0,70.0,19,0,,0,2026-02-19 17:15:40
275,v2,KXLOWTMIA-26FEB19-B65.5,MIA,low,no,2,0.6,97.95918367346938,71.0,71.0,98,1,,98,2026-02-19 17:15:40
276,v2,KXLOWTNYC-26FEB20-B34.5,NYC,low,no,78,0.4,50.0,39.0,39.0,22,0,,0,2026-02-19 17:15:40
277,v2,KXHIGHMIA-26FEB20-T85,MIA,high,no,90,0.4,50.0,79.0,79.0,10,0,,0,2026-02-19 17:15:40
278,v2,KXHIGHNY-26FEB20-T39,NYC,high,no,85,0.4,40.0,42.0,42.0,15,0,,0,2026-02-19 17:15:40
279,v2,KXLOWTMIA-26FEB20-B66.5,MIA,low,no,67,0.4,51.515151515151516,70.0,70.0,33,0,,0,2026-02-19 17:15:40
280,v1,KXLOWTMIA-26FEB19-B65.5,MIA,low,no,2,0.6,97.95918367346938,71.0,71.0,98,1,,98,2026-02-19 17:15:40
281,v1,KXLOWTMIA-26FEB20-B64.5,MIA,low,no,81,0.4,52.63157894736842,70.0,70.0,19,0,,0,2026-02-19 17:15:40
282,v1,KXHIGHTATL-26FEB20-B77.5,ATL,high,no,79,0.4,57.14285714285714,75.0,75.0,21,0,,0,2026-02-19 17:15:40
283,v1,KXHIGHTDC-26FEB20-T54,DC,high,no,45,0.4,69.0909090909091,56.0,56.0,55,0,,0,2026-02-19 17:15:40
284,v2,KXLOWTNYC-26FEB20-B32.5,NYC,low,no,86,0.4,71.42857142857143,39.0,39.0,14,0,,0,2026-02-19 18:15:34
285,v2,KXLOWTMIA-26FEB20-B64.5,MIA,low,no,80,0.4,65.0,70.0,70.0,20,0,,0,2026-02-19 18:15:34
286,v2,KXLOWTNYC-26FEB20-B34.5,NYC,low,no,75,0.4,56.00000000000001,39.0,39.0,25,0,,0,2026-02-19 18:15:34
287,v2,KXHIGHMIA-26FEB20-T85,MIA,high,no,90,0.4,50.0,79.0,79.0,10,0,,0,2026-02-19 18:15:34
288,v2,KXLOWTMIA-26FEB19-B65.5,MIA,low,no,2,0.5,93.87755102040816,71.0,71.0,98,1,,98,2026-02-19 18:15:34
289,v2,KXHIGHNY-26FEB20-T39,NYC,high,no,87,0.4,30.76923076923077,42.0,42.0,13,0,,0,2026-02-19 18:15:34
290,v2,KXHIGHTDC-26FEB20-T54,DC,high,no,33,0.4,86.56716417910447,57.0,57.0,67,0,,0,2026-02-19 18:15:34
291,v2,KXLOWTMIA-26FEB20-B66.5,MIA,low,no,67,0.4,51.515151515151516,70.0,70.0,33,0,,0,2026-02-19 18:15:34
292,v1,KXLOWTMIA-26FEB19-B65.5,MIA,low,no,2,0.5,93.87755102040816,71.0,71.0,98,1,,98,2026-02-19 18:15:34
293,v1,KXHIGHTATL-26FEB20-B77.5,ATL,high,no,79,0.4,57.14285714285714,75.0,75.0,21,0,,0,2026-02-19 18:15:34
294,v1,KXLOWTMIA-26FEB20-B64.5,MIA,low,no,80,0.4,40.0,70.0,70.0,20,0,,0,2026-02-19 18:15:34
295,v1,KXHIGHTDC-26FEB20-T54,DC,high,no,33,0.4,80.59701492537313,57.0,57.0,67,0,,0,2026-02-19 18:15:34
296,v1,KXLOWTNYC-26FEB20-B32.5,NYC,low,no,86,0.4,21.428571428571427,39.0,39.0,14,0,,0,2026-02-19 18:15:34
297,v2,KXHIGHNY-26FEB20-T39,NYC,high,no,86,0.4,92.85714285714286,42.0,42.0,14,0,,0,2026-02-19 19:15:37
298,v2,KXHIGHTATL-26FEB20-B77.5,ATL,high,no,83,0.4,94.11764705882352,74.0,74.0,17,0,,0,2026-02-19 19:15:37
299,v2,KXHIGHTBOS-26FEB19-B36.5,BOS,high,no,35,0.8500000000000001,98.46153846153847,38.0,38.0,65,1,,-35,2026-02-19 19:15:37
300,v2,KXLOWTNYC-26FEB19-B34.5,NYC,low,no,87,0.6,38.46153846153847,38.0,38.0,13,1,,13,2026-02-19 19:15:37
301,v2,KXLOWTMIA-26FEB20-B64.5,MIA,low,no,85,0.4,53.333333333333336,70.0,70.0,15,0,,0,2026-02-19 19:15:37
302,v2,KXLOWTMIA-26FEB19-B65.5,MIA,low,no,6,0.5,88.29787234042553,70.0,70.0,94,1,,94,2026-02-19 19:15:37
303,v2,KXHIGHTDC-26FEB20-T54,DC,high,no,37,0.4,98.4126984126984,57.0,57.0,63,0,,0,2026-02-19 19:15:37
304,v2,KXLOWTNYC-26FEB20-B32.5,NYC,low,no,85,0.4,26.666666666666668,37.0,37.0,15,0,,0,2026-02-19 19:15:37
305,v2,KXLOWTPHIL-26FEB20-T40,PHI,low,no,63,0.4,72.97297297297297,36.0,36.0,37,0,,0,2026-02-19 19:15:37
306,v2,KXLOWTMIA-26FEB20-B66.5,MIA,low,no,66,0.4,52.94117647058824,70.0,70.0,34,0,,0,2026-02-19 19:15:37
307,v1,KXHIGHTATL-26FEB20-B77.5,ATL,high,no,83,0.4,58.82352941176471,74.0,74.0,17,0,,0,2026-02-19 19:15:37
308,v1,KXLOWTMIA-26FEB19-B65.5,MIA,low,no,6,0.5,88.29787234042553,70.0,70.0,94,1,,94,2026-02-19 19:15:37
309,v1,KXLOWTMIA-26FEB20-B64.5,MIA,low,no,85,0.4,33.33333333333333,70.0,70.0,15,0,,0,2026-02-19 19:15:37
310,v1,KXHIGHTDC-26FEB20-T54,DC,high,no,37,0.4,79.36507936507937,57.0,57.0,63,0,,0,2026-02-19 19:15:37
311,v1,KXLOWTPHIL-26FEB20-T40,PHI,low,no,63,0.4,64.86486486486487,36.0,36.0,37,0,,0,2026-02-19 19:15:37
312,v2,KXHIGHNY-26FEB20-T39,NYC,high,no,86,0.4,92.85714285714286,42.0,42.0,14,0,,0,2026-02-19 20:15:38
313,v2,KXHIGHTATL-26FEB20-B77.5,ATL,high,no,82,0.4,94.44444444444444,74.0,74.0,18,0,,0,2026-02-19 20:15:38
314,v2,KXHIGHTBOS-26FEB19-B36.5,BOS,high,no,11,0.8500000000000001,98.87640449438202,38.0,38.0,89,1,,-11,2026-02-19 20:15:38
315,v2,KXLOWTMIA-26FEB20-B64.5,MIA,low,no,85,0.4,53.333333333333336,70.0,70.0,15,0,,0,2026-02-19 20:15:38
316,v2,KXLOWTPHIL-26FEB20-B39.5,PHI,low,no,77,0.4,52.17391304347826,36.0,36.0,23,0,,0,2026-02-19 20:15:38
317,v2,KXHIGHTDC-26FEB20-T54,DC,high,no,33,0.4,98.50746268656717,57.0,57.0,67,0,,0,2026-02-19 20:15:38
318,v2,KXLOWTNYC-26FEB20-B32.5,NYC,low,no,85,0.4,26.666666666666668,37.0,37.0,15,0,,0,2026-02-19 20:15:38
319,v2,KXLOWTPHIL-26FEB20-T40,PHI,low,no,63,0.4,72.97297297297297,36.0,36.0,37,0,,0,2026-02-19 20:15:38
320,v2,KXLOWTMIA-26FEB20-B66.5,MIA,low,no,66,0.4,52.94117647058824,70.0,70.0,34,0,,0,2026-02-19 20:15:38
321,v1,KXHIGHTATL-26FEB20-B77.5,ATL,high,no,82,0.4,66.66666666666666,74.0,74.0,18,0,,0,2026-02-19 20:15:38
322,v1,KXLOWTMIA-26FEB19-B63.5,MIA,low,no,49,0.6,84.31372549019608,70.0,70.0,51,1,,-49,2026-02-19 20:15:38
323,v1,KXLOWTMIA-26FEB20-B64.5,MIA,low,no,85,0.4,20.0,70.0,70.0,15,0,,0,2026-02-19 20:15:38
324,v1,KXLOWTPHIL-26FEB20-T40,PHI,low,no,63,0.4,64.86486486486487,36.0,36.0,37,0,,0,2026-02-19 20:15:38
325,v2,KXHIGHNY-26FEB20-T39,NYC,high,no,89,0.4,90.9090909090909,42.0,42.0,11,0,,0,2026-02-19 21:15:46
326,v2,KXHIGHTATL-26FEB20-B77.5,ATL,high,no,82,0.4,94.44444444444444,74.0,74.0,18,0,,0,2026-02-19 21:15:46
327,v2,KXLOWTMIA-26FEB20-B64.5,MIA,low,no,85,0.4,53.333333333333336,70.0,70.0,15,0,,0,2026-02-19 21:15:46
328,v2,KXLOWTMIA-26FEB19-B63.5,MIA,low,no,31,0.5,95.65217391304348,70.0,70.0,69,1,,-31,2026-02-19 21:15:46
329,v2,KXLOWTPHIL-26FEB20-B39.5,PHI,low,no,76,0.4,54.166666666666664,36.0,36.0,24,0,,0,2026-02-19 21:15:46
330,v2,KXHIGHTDC-26FEB20-T54,DC,high,no,35,0.4,98.46153846153847,57.0,57.0,65,0,,0,2026-02-19 21:15:46
331,v2,KXLOWTNYC-26FEB20-B32.5,NYC,low,no,85,0.4,26.666666666666668,37.0,37.0,15,0,,0,2026-02-19 21:15:46
332,v2,KXLOWTPHIL-26FEB20-T40,PHI,low,no,63,0.4,72.97297297297297,36.0,36.0,37,0,,0,2026-02-19 21:15:46
333,v2,KXLOWTMIA-26FEB20-B66.5,MIA,low,no,66,0.4,52.94117647058824,70.0,70.0,34,0,,0,2026-02-19 21:15:46
334,v1,KXHIGHTATL-26FEB20-B77.5,ATL,high,no,82,0.4,66.66666666666666,74.0,74.0,18,0,,0,2026-02-19 21:15:46
335,v1,KXLOWTMIA-26FEB19-B63.5,MIA,low,no,31,0.5,95.65217391304348,70.0,70.0,69,1,,-31,2026-02-19 21:15:46
336,v1,KXLOWTMIA-26FEB20-B64.5,MIA,low,no,85,0.4,26.666666666666668,70.0,70.0,15,0,,0,2026-02-19 21:15:46
337,v1,KXLOWTPHIL-26FEB20-T40,PHI,low,no,63,0.4,70.27027027027027,36.0,36.0,37,0,,0,2026-02-19 21:15:46
338,v2,KXHIGHTATL-26FEB20-B77.5,ATL,high,no,82,0.4,94.44444444444444,74.0,74.0,18,0,,0,2026-02-19 22:15:38
339,v2,KXHIGHTDC-26FEB20-B60.5,DC,high,no,90,0.4,90.0,57.0,57.0,10,0,,0,2026-02-19 22:15:38
340,v2,KXLOWTMIA-26FEB20-B64.5,MIA,low,no,85,0.4,53.333333333333336,70.0,70.0,15,0,,0,2026-02-19 22:15:38
341,v2,KXLOWTMIA-26FEB19-B63.5,MIA,low,no,18,0.5,96.34146341463415,70.0,70.0,82,1,,-18,2026-02-19 22:15:38
342,v2,KXLOWTNYC-26FEB20-B32.5,NYC,low,no,84,0.4,31.25,37.0,37.0,16,0,,0,2026-02-19 22:15:38
343,v2,KXHIGHTDC-26FEB20-T54,DC,high,no,55,0.4,97.77777777777777,57.0,57.0,45,0,,0,2026-02-19 22:15:38
344,v2,KXLOWTPHIL-26FEB20-T40,PHI,low,no,63,0.4,72.97297297297297,36.0,36.0,37,0,,0,2026-02-19 22:15:38
345,v2,KXLOWTMIA-26FEB20-B66.5,MIA,low,no,65,0.4,54.285714285714285,70.0,70.0,35,0,,0,2026-02-19 22:15:38
346,v2,KXLOWTPHIL-26FEB20-B39.5,PHI,low,no,73,0.4,59.25925925925925,36.0,36.0,27,0,,0,2026-02-19 22:15:38
347,v1,KXHIGHTATL-26FEB20-B77.5,ATL,high,no,82,0.4,66.66666666666666,74.0,74.0,18,0,,0,2026-02-19 22:15:38
348,v1,KXLOWTMIA-26FEB19-B63.5,MIA,low,no,18,0.5,96.34146341463415,70.0,70.0,82,1,,-18,2026-02-19 22:15:38
349,v1,KXLOWTMIA-26FEB20-B64.5,MIA,low,no,85,0.4,26.666666666666668,70.0,70.0,15,0,,0,2026-02-19 22:15:38
350,v1,KXLOWTPHIL-26FEB20-T40,PHI,low,no,63,0.4,64.86486486486487,36.0,36.0,37,0,,0,2026-02-19 22:15:38
351,v2,KXLOWTMIA-26FEB20-B64.5,MIA,low,no,85,0.4,53.333333333333336,70.0,70.0,15,0,,0,2026-02-19 23:15:35
352,v2,KXLOWTMIA-26FEB19-B63.5,MIA,low,no,7,0.5,96.7741935483871,70.0,70.0,93,1,,-7,2026-02-19 23:15:35
353,v2,KXHIGHTATL-26FEB20-B77.5,ATL,high,no,81,0.4,42.10526315789473,74.0,74.0,19,0,,0,2026-02-19 23:15:35
354,v2,KXLOWTPHIL-26FEB20-T40,PHI,low,no,63,0.4,72.97297297297297,36.0,36.0,37,0,,0,2026-02-19 23:15:35
355,v2,KXLOWTMIA-26FEB20-B66.5,MIA,low,no,65,0.4,54.285714285714285,70.0,70.0,35,0,,0,2026-02-19 23:15:35
356,v2,KXHIGHTDC-26FEB20-T54,DC,high,no,55,0.4,62.22222222222222,57.0,57.0,45,0,,0,2026-02-19 23:15:35
357,v2,KXLOWTPHIL-26FEB20-B39.5,PHI,low,no,73,0.4,59.25925925925925,36.0,36.0,27,0,,0,2026-02-19 23:15:35
358,v2,KXHIGHTDC-26FEB20-B60.5,DC,high,no,87,0.4,15.384615384615385,57.0,57.0,13,0,,0,2026-02-19 23:15:35
359,v1,KXHIGHTATL-26FEB20-B77.5,ATL,high,no,81,0.4,68.42105263157895,74.0,74.0,19,0,,0,2026-02-19 23:15:35
360,v1,KXLOWTMIA-26FEB19-B63.5,MIA,low,no,7,0.5,96.7741935483871,70.0,70.0,93,1,,-7,2026-02-19 23:15:35
361,v1,KXLOWTMIA-26FEB20-B64.5,MIA,low,no,85,0.4,33.33333333333333,70.0,70.0,15,0,,0,2026-02-19 23:15:35
362,v1,KXLOWTPHIL-26FEB20-T40,PHI,low,no,63,0.4,62.16216216216216,36.0,36.0,37,0,,0,2026-02-19 23:15:35
363,v1,KXHIGHTDC-26FEB20-B60.5,DC,high,no,87,0.4,23.076923076923077,57.0,57.0,13,0,,0,2026-02-19 23:15:35
364,v1,KXHIGHTDC-26FEB20-T61,DC,high,no,89,0.4,18.181818181818183,57.0,57.0,11,0,,0,2026-02-19 23:15:35
365,v2,KXLOWTMIA-26FEB20-B64.5,MIA,low,no,85,0.4,53.333333333333336,70.0,70.0,15,0,,0,2026-02-19 23:47:03
366,v2,KXHIGHTDC-26FEB19-T49,DC,high,no,3,0.65,98.96907216494846,57.0,57.0,97,1,,-3,2026-02-19 23:47:03
367,v2,KXLOWTMIA-26FEB19-B63.5,MIA,low,no,7,0.5,96.7741935483871,70.0,70.0,93,1,,-7,2026-02-19 23:47:03
368,v2,KXLOWTPHIL-26FEB20-B39.5,PHI,low,no,77,0.4,52.17391304347826,36.0,36.0,23,0,,0,2026-02-19 23:47:03
369,v2,KXHIGHTATL-26FEB20-B77.5,ATL,high,no,81,0.4,42.10526315789473,74.0,74.0,19,0,,0,2026-02-19 23:47:03
370,v2,KXLOWTMIA-26FEB20-B66.5,MIA,low,no,63,0.4,56.75675675675676,70.0,70.0,37,0,,0,2026-02-19 23:47:03
371,v2,KXLOWTPHIL-26FEB20-T40,PHI,low,no,64,0.4,72.22222222222221,36.0,36.0,36,0,,0,2026-02-19 23:47:03
372,v2,KXHIGHTDC-26FEB20-T54,DC,high,no,46,0.4,68.51851851851852,57.0,57.0,54,0,,0,2026-02-19 23:47:03
373,v1,KXHIGHTDC-26FEB19-T49,DC,high,no,3,0.5,98.96907216494846,57.0,57.0,97,1,,-3,2026-02-19 23:47:03
374,v1,KXLOWTMIA-26FEB19-B63.5,MIA,low,no,7,0.35,96.7741935483871,70.0,70.0,93,1,,-7,2026-02-19 23:47:03
375,v1,KXLOWTMIA-26FEB20-B64.5,MIA,low,no,85,0.4,33.33333333333333,70.0,70.0,15,0,,0,2026-02-19 23:47:03
376,v1,KXLOWTPHIL-26FEB20-T40,PHI,low,no,64,0.4,58.333333333333336,36.0,36.0,36,0,,0,2026-02-19 23:47:03
377,v2,KXLOWTNYC-26FEB20-B34.5,NYC,low,no,78,0.6,63.63636363636363,38.0,38.0,22,0,,0,2026-02-20 00:15:47
378,v2,KXHIGHPHIL-26FEB20-T51,PHI,high,no,86,0.5,71.42857142857143,46.0,46.0,14,0,,0,2026-02-20 00:15:47
379,v2,KXHIGHTDC-26FEB20-T54,DC,high,no,59,0.55,80.48780487804879,57.0,57.0,41,0,,0,2026-02-20 00:15:47
380,v1,KXLOWTNYC-26FEB20-T37,NYC,low,no,77,0.65,73.91304347826086,38.0,38.0,23,0,,0,2026-02-20 00:15:47
381,v1,KXHIGHNY-26FEB20-T39,NYC,high,no,90,0.35,80.0,42.0,42.0,10,0,,0,2026-02-20 00:15:47
382,v1,KXHIGHPHIL-26FEB20-T51,PHI,high,no,86,0.35,71.42857142857143,46.0,46.0,14,0,,0,2026-02-20 00:15:47
383,v1,KXHIGHTATL-26FEB20-B73.5,ATL,high,no,69,0.5,87.09677419354838,74.0,74.0,31,0,,0,2026-02-20 00:15:47
384,v1,KXHIGHNY-26FEB20-B39.5,NYC,high,no,60,0.2,82.5,42.0,42.0,40,0,,0,2026-02-20 00:15:47
385,v2,KXHIGHTATL-26FEB20-B79.5,ATL,high,no,75,0.55,92.0,74.0,74.0,25,0,,0,2026-02-20 14:15:42
386,v2,KXHIGHTATL-26FEB20-T80,ATL,high,no,89,0.55,90.9090909090909,74.0,74.0,11,0,,0,2026-02-20 14:15:42
387,v2,KXLOWTNYC-26FEB20-B34.5,NYC,low,no,9,0.6,95.6043956043956,39.0,39.0,91,0,,0,2026-02-20 14:15:42
388,v2,KXHIGHTATL-26FEB20-B77.5,ATL,high,no,69,0.55,74.19354838709677,74.0,74.0,31,0,,0,2026-02-20 14:15:42
389,v1,KXHIGHNY-26FEB20-T39,NYC,high,no,90,0.35,80.0,42.0,42.0,10,0,,0,2026-02-20 14:15:42
390,v1,KXLOWTMIA-26FEB20-B64.5,MIA,low,no,1,0.5,98.98989898989899,70.0,70.0,99,0,,0,2026-02-20 14:15:42
391,v1,KXLOWTNYC-26FEB20-B34.5,NYC,low,no,9,0.5,97.8021978021978,39.0,39.0,91,0,,0,2026-02-20 14:15:42
392,v1,KXHIGHNY-26FEB20-B39.5,NYC,high,no,58,0.2,83.33333333333334,42.0,42.0,42,0,,0,2026-02-20 14:15:42
393,v2,KXHIGHNY-26FEB20-T39,NYC,high,no,78,0.65,77.27272727272727,42.0,42.0,22,0,,0,2026-02-20 15:15:49
394,v2,KXHIGHTDC-26FEB20-B60.5,DC,high,no,83,0.65,58.82352941176471,57.0,57.0,17,0,,0,2026-02-20 15:15:49
395,v2,KXHIGHPHIL-26FEB20-B50.5,PHI,high,no,88,0.6,50.0,46.0,46.0,12,0,,0,2026-02-20 15:15:49
396,v2,KXLOWTNYC-26FEB20-B34.5,NYC,low,no,3,0.6,95.87628865979381,39.0,39.0,97,0,,0,2026-02-20 15:15:49
397,v2,KXHIGHTATL-26FEB20-B79.5,ATL,high,no,67,0.65,96.96969696969697,74.0,74.0,33,0,,0,2026-02-20 15:15:49
398,v2,KXHIGHPHIL-26FEB21-B53.5,PHI,high,no,82,0.4,61.111111111111114,49.0,49.0,18,0,,0,2026-02-20 15:15:49
399,v2,KXLOWTMIA-26FEB20-B64.5,MIA,low,no,1,0.5,93.93939393939394,70.0,70.0,99,0,,0,2026-02-20 15:15:49
400,v2,KXHIGHNY-26FEB20-B39.5,NYC,high,no,57,0.65,67.44186046511628,42.0,42.0,43,0,,0,2026-02-20 15:15:49
401,v2,KXHIGHTATL-26FEB20-B77.5,ATL,high,no,62,0.65,81.57894736842105,74.0,74.0,38,0,,0,2026-02-20 15:15:49
402,v2,KXLOWTPHIL-26FEB21-B37.5,PHI,low,no,79,0.4,47.61904761904761,34.0,34.0,21,0,,0,2026-02-20 15:15:49
403,v1,KXHIGHNY-26FEB20-T39,NYC,high,no,78,0.5,95.45454545454545,42.0,42.0,22,0,,0,2026-02-20 15:15:49
404,v1,KXLOWTNYC-26FEB21-B37.5,NYC,low,no,76,0.4,95.83333333333334,36.0,36.0,24,0,,0,2026-02-20 15:15:49
405,v1,KXLOWTNYC-26FEB21-T38,NYC,low,no,77,0.4,95.65217391304348,36.0,36.0,23,0,,0,2026-02-20 15:15:49
406,v1,KXLOWTMIA-26FEB21-B68.5,MIA,low,no,78,0.4,90.9090909090909,67.0,67.0,22,0,,0,2026-02-20 15:15:49
407,v1,KXHIGHPHIL-26FEB21-B53.5,PHI,high,no,82,0.4,88.88888888888889,49.0,49.0,18,0,,0,2026-02-20 15:15:49
408,v1,KXLOWTMIA-26FEB20-B64.5,MIA,low,no,1,0.5,98.98989898989899,70.0,70.0,99,0,,0,2026-02-20 15:15:49
409,v1,KXLOWTNYC-26FEB20-B34.5,NYC,low,no,3,0.5,97.9381443298969,39.0,39.0,97,0,,0,2026-02-20 15:15:49
410,v1,KXHIGHNY-26FEB21-B43.5,NYC,high,no,89,0.4,45.45454545454545,47.0,47.0,11,0,,0,2026-02-20 15:15:49
411,v1,KXHIGHPHIL-26FEB20-B50.5,PHI,high,no,88,0.44999999999999996,50.0,46.0,46.0,12,0,,0,2026-02-20 15:15:49
412,v1,KXHIGHNY-26FEB21-B45.5,NYC,high,no,77,0.4,39.130434782608695,47.0,47.0,23,0,,0,2026-02-20 15:15:49
413,v2,KXHIGHTATL-26FEB21-T72,ATL,high,no,75,0.4,96.0,67.0,67.0,25,0,,0,2026-02-20 16:15:37
414,v2,KXHIGHPHIL-26FEB21-B53.5,PHI,high,no,88,0.4,75.0,49.0,49.0,12,0,,0,2026-02-20 16:15:37
415,v2,KXLOWTNYC-26FEB20-B34.5,NYC,low,no,13,0.6,95.40229885057471,39.0,39.0,87,0,,0,2026-02-20 16:15:37
416,v2,KXHIGHTATL-26FEB20-B79.5,ATL,high,no,67,0.75,96.96969696969697,74.0,74.0,33,0,,0,2026-02-20 16:15:37
417,v2,KXHIGHNY-26FEB20-T39,NYC,high,no,68,0.6,81.25,42.0,42.0,32,0,,0,2026-02-20 16:15:37
418,v2,KXLOWTPHIL-26FEB21-T38,PHI,low,no,77,0.4,56.52173913043478,34.0,34.0,23,0,,0,2026-02-20 16:15:37
419,v2,KXHIGHTATL-26FEB21-B71.5,ATL,high,no,73,0.4,88.88888888888889,67.0,67.0,27,0,,0,2026-02-20 16:15:37
420,v2,KXHIGHTDC-26FEB21-B57.5,DC,high,no,90,0.4,30.0,54.0,54.0,10,0,,0,2026-02-20 16:15:37
421,v2,KXHIGHTDC-26FEB21-T51,DC,high,no,88,0.4,25.0,54.0,54.0,12,0,,0,2026-02-20 16:15:37
422,v2,KXLOWTPHIL-26FEB21-B37.5,PHI,low,no,74,0.4,57.692307692307686,34.0,34.0,26,0,,0,2026-02-20 16:15:37
423,v1,KXLOWTNYC-26FEB21-T38,NYC,low,no,81,0.4,94.73684210526315,36.0,36.0,19,0,,0,2026-02-20 16:15:37
424,v1,KXLOWTMIA-26FEB21-B68.5,MIA,low,no,75,0.4,92.0,67.0,67.0,25,0,,0,2026-02-20 16:15:37
425,v1,KXLOWTMIA-26FEB21-T69,MIA,low,no,90,0.4,90.0,67.0,67.0,10,0,,0,2026-02-20 16:15:37
426,v1,KXLOWTNYC-26FEB21-B35.5,NYC,low,no,78,0.4,77.27272727272727,36.0,36.0,22,0,,0,2026-02-20 16:15:37
427,v1,KXHIGHPHIL-26FEB21-B53.5,PHI,high,no,88,0.4,83.33333333333334,49.0,49.0,12,0,,0,2026-02-20 16:15:37
428,v1,KXHIGHNY-26FEB21-B43.5,NYC,high,no,85,0.4,60.0,47.0,47.0,15,0,,0,2026-02-20 16:15:37
429,v1,KXHIGHTDC-26FEB21-B57.5,DC,high,no,90,0.4,70.0,54.0,54.0,10,0,,0,2026-02-20 16:15:37
430,v1,KXLOWTMIA-26FEB20-B64.5,MIA,low,no,1,0.5,98.98989898989899,70.0,70.0,99,0,,0,2026-02-20 16:15:37
431,v1,KXLOWTNYC-26FEB20-B34.5,NYC,low,no,13,0.5,97.70114942528735,39.0,39.0,87,0,,0,2026-02-20 16:15:37
432,v1,KXHIGHNY-26FEB20-T39,NYC,high,no,68,0.44999999999999996,96.875,42.0,42.0,32,0,,0,2026-02-20 16:15:37
433,v2,KXHIGHTATL-26FEB21-T72,ATL,high,no,85,0.4,93.33333333333333,67.0,67.0,15,0,,0,2026-02-20 17:15:40
434,v2,KXHIGHTATL-26FEB20-B79.5,ATL,high,no,47,0.8500000000000001,98.11320754716981,74.0,74.0,53,0,,0,2026-02-20 17:15:40
435,v2,KXHIGHTATL-26FEB20-T80,ATL,high,no,61,0.8500000000000001,97.43589743589743,74.0,74.0,39,0,,0,2026-02-20 17:15:40
436,v2,KXHIGHNY-26FEB20-T39,NYC,high,no,69,0.7,87.09677419354838,42.0,42.0,31,0,,0,2026-02-20 17:15:40
437,v2,KXHIGHTBOS-26FEB21-B38.5,BOS,high,no,87,0.4,76.92307692307693,34.0,34.0,13,0,,0,2026-02-20 17:15:40
438,v2,KXLOWTNYC-26FEB20-B34.5,NYC,low,no,10,0.6,95.55555555555556,39.0,39.0,90,0,,0,2026-02-20 17:15:40
439,v2,KXHIGHPHIL-26FEB21-B53.5,PHI,high,no,89,0.4,72.72727272727273,49.0,49.0,11,0,,0,2026-02-20 17:15:40
440,v2,KXLOWTMIA-26FEB20-B64.5,MIA,low,no,1,0.5,93.93939393939394,70.0,70.0,99,0,,0,2026-02-20 17:15:40
441,v2,KXHIGHTATL-26FEB21-B71.5,ATL,high,no,73,0.4,88.88888888888889,67.0,67.0,27,0,,0,2026-02-20 17:15:40
442,v2,KXLOWTPHIL-26FEB21-T38,PHI,low,no,71,0.4,65.51724137931035,34.0,34.0,29,0,,0,2026-02-20 17:15:40
443,v1,KXLOWTNYC-26FEB21-T38,NYC,low,no,79,0.4,95.23809523809523,36.0,36.0,21,0,,0,2026-02-20 17:15:40
444,v1,KXLOWTNYC-26FEB21-B35.5,NYC,low,no,78,0.4,77.27272727272727,36.0,36.0,22,0,,0,2026-02-20 17:15:40
445,v1,KXHIGHPHIL-26FEB21-B53.5,PHI,high,no,89,0.4,90.9090909090909,49.0,49.0,11,0,,0,2026-02-20 17:15:40
446,v1,KXHIGHNY-26FEB21-B43.5,NYC,high,no,85,0.4,60.0,47.0,47.0,15,0,,0,2026-02-20 17:15:40
447,v1,KXHIGHTBOS-26FEB21-B38.5,BOS,high,no,87,0.4,69.23076923076923,34.0,34.0,13,0,,0,2026-02-20 17:15:40
448,v1,KXHIGHNY-26FEB20-T39,NYC,high,no,69,0.5499999999999999,96.7741935483871,42.0,42.0,31,0,,0,2026-02-20 17:15:40
449,v1,KXLOWTMIA-26FEB20-B64.5,MIA,low,no,1,0.5,98.98989898989899,70.0,70.0,99,0,,0,2026-02-20 17:15:40
450,v1,KXLOWTNYC-26FEB20-B34.5,NYC,low,no,10,0.5,97.77777777777777,39.0,39.0,90,0,,0,2026-02-20 17:15:40
451,v1,KXHIGHTDC-26FEB21-B55.5,DC,high,no,78,0.4,54.54545454545454,54.0,54.0,22,0,,0,2026-02-20 17:15:40
452,v1,KXLOWTNYC-26FEB21-B37.5,NYC,low,no,70,0.4,96.66666666666667,36.0,36.0,30,0,,0,2026-02-20 17:15:40
453,v2,KXHIGHMIA-26FEB21-B85.5,MIA,high,no,82,0.4,94.44444444444444,79.0,79.0,18,0,,0,2026-02-20 21:15:41
454,v2,KXHIGHNY-26FEB21-B49.5,NYC,high,no,83,0.4,94.11764705882352,46.0,46.0,17,0,,0,2026-02-20 21:15:41
455,v2,KXHIGHTBOS-26FEB21-B32.5,BOS,high,no,75,0.4,96.0,29.0,29.0,25,0,,0,2026-02-20 21:15:41
456,v2,KXHIGHTBOS-26FEB21-B36.5,BOS,high,no,76,0.4,95.83333333333334,29.0,29.0,24,0,,0,2026-02-20 21:15:41
457,v2,KXHIGHPHIL-26FEB21-B51.5,PHI,high,no,78,0.4,95.45454545454545,48.0,48.0,22,0,,0,2026-02-20 21:15:41
458,v2,KXHIGHTATL-26FEB21-T72,ATL,high,no,86,0.4,92.85714285714286,69.0,69.0,14,0,,0,2026-02-20 21:15:41
459,v2,KXHIGHNY-26FEB20-T39,NYC,high,no,12,0.7,98.86363636363636,42.0,42.0,88,0,,0,2026-02-20 21:15:41
460,v2,KXLOWTPHIL-26FEB21-T38,PHI,low,no,80,0.4,75.0,33.0,33.0,20,0,,0,2026-02-20 21:15:41
461,v2,KXLOWTMIA-26FEB20-B64.5,MIA,low,no,1,0.5,93.93939393939394,70.0,70.0,99,0,,0,2026-02-20 21:15:41
462,v2,KXLOWTNYC-26FEB20-B34.5,NYC,low,no,5,0.5,88.42105263157895,39.0,39.0,95,0,,0,2026-02-20 21:15:41
463,v1,KXLOWTPHIL-26FEB21-T38,PHI,low,no,80,0.4,80.0,33.0,33.0,20,0,,0,2026-02-20 21:15:41
464,v1,KXHIGHPHIL-26FEB21-B51.5,PHI,high,no,78,0.4,77.27272727272727,48.0,48.0,22,0,,0,2026-02-20 21:15:41
465,v1,KXHIGHNY-26FEB20-T39,NYC,high,no,12,0.5499999999999999,95.45454545454545,42.0,42.0,88,0,,0,2026-02-20 21:15:41
466,v1,KXHIGHTATL-26FEB20-B79.5,ATL,high,no,19,0.7000000000000001,92.5925925925926,75.0,75.0,81,0,,0,2026-02-20 21:15:41
467,v1,KXLOWTMIA-26FEB20-B64.5,MIA,low,no,1,0.5,95.95959595959596,70.0,70.0,99,0,,0,2026-02-20 21:15:41
468,v1,KXLOWTMIA-26FEB21-B64.5,MIA,low,no,79,0.4,47.61904761904761,67.0,67.0,21,0,,0,2026-02-20 21:15:41
469,v1,KXLOWTNYC-26FEB20-B34.5,NYC,low,no,5,0.5,94.73684210526315,39.0,39.0,95,0,,0,2026-02-20 21:15:41
470,v1,KXLOWTNYC-26FEB21-B33.5,NYC,low,no,82,0.4,44.44444444444444,35.0,35.0,18,0,,0,2026-02-20 21:15:41
471,v1,KXLOWTNYC-26FEB21-B37.5,NYC,low,no,63,0.4,97.2972972972973,35.0,35.0,37,0,,0,2026-02-20 21:15:41
472,v1,KXLOWTMIA-26FEB21-B68.5,MIA,low,no,72,0.4,89.28571428571429,67.0,67.0,28,0,,0,2026-02-20 21:15:41
473,v2,KXHIGHMIA-26FEB21-B85.5,MIA,high,no,82,0.4,94.44444444444444,79.0,79.0,18,0,,0,2026-02-20 22:15:41
474,v2,KXHIGHNY-26FEB21-B49.5,NYC,high,no,84,0.4,93.75,46.0,46.0,16,0,,0,2026-02-20 22:15:41
475,v2,KXHIGHPHIL-26FEB21-B51.5,PHI,high,no,76,0.4,95.83333333333334,48.0,48.0,24,0,,0,2026-02-20 22:15:41
476,v2,KXHIGHTBOS-26FEB21-B36.5,BOS,high,no,78,0.4,95.45454545454545,29.0,29.0,22,0,,0,2026-02-20 22:15:41
477,v2,KXHIGHPHIL-26FEB21-B53.5,PHI,high,no,86,0.4,92.85714285714286,48.0,48.0,14,0,,0,2026-02-20 22:15:41
478,v2,KXHIGHTATL-26FEB21-T72,ATL,high,no,87,0.4,92.3076923076923,69.0,69.0,13,0,,0,2026-02-20 22:15:41
479,v2,KXHIGHNY-26FEB20-T39,NYC,high,no,17,0.6,98.79518072289156,42.0,42.0,83,0,,0,2026-02-20 22:15:41
480,v2,KXHIGHTDC-26FEB20-B54.5,DC,high,no,10,0.75,98.88888888888889,54.0,54.0,90,0,,0,2026-02-20 22:15:41
481,v2,KXLOWTMIA-26FEB20-B64.5,MIA,low,no,1,0.5,93.93939393939394,70.0,70.0,99,0,,0,2026-02-20 22:15:41
482,v2,KXLOWTNYC-26FEB20-B32.5,NYC,low,no,71,0.5,89.65517241379311,39.0,39.0,29,0,,0,2026-02-20 22:15:41
483,v1,KXHIGHPHIL-26FEB21-B53.5,PHI,high,no,86,0.4,92.85714285714286,48.0,48.0,14,0,,0,2026-02-20 22:15:41
484,v1,KXHIGHPHIL-26FEB21-B51.5,PHI,high,no,76,0.4,79.16666666666666,48.0,48.0,24,0,,0,2026-02-20 22:15:41
485,v1,KXLOWTMIA-26FEB20-B64.5,MIA,low,no,1,0.5,95.95959595959596,70.0,70.0,99,0,,0,2026-02-20 22:15:41
486,v1,KXHIGHTATL-26FEB20-B79.5,ATL,high,no,6,0.65,91.48936170212765,75.0,75.0,94,0,,0,2026-02-20 22:15:41
487,v1,KXLOWTNYC-26FEB20-B34.5,NYC,low,no,45,0.5,90.9090909090909,39.0,39.0,55,0,,0,2026-02-20 22:15:41
488,v1,KXLOWTNYC-26FEB21-B33.5,NYC,low,no,82,0.4,44.44444444444444,35.0,35.0,18,0,,0,2026-02-20 22:15:41
489,v1,KXHIGHNY-26FEB20-T39,NYC,high,no,17,0.44999999999999996,95.18072289156626,42.0,42.0,83,0,,0,2026-02-20 22:15:41
490,v1,KXLOWTNYC-26FEB21-B37.5,NYC,low,no,63,0.4,97.2972972972973,35.0,35.0,37,0,,0,2026-02-20 22:15:41
491,v1,KXLOWTMIA-26FEB21-B68.5,MIA,low,no,72,0.4,89.28571428571429,67.0,67.0,28,0,,0,2026-02-20 22:15:41
492,v1,KXLOWTNYC-26FEB21-B35.5,NYC,low,no,72,0.4,85.71428571428571,35.0,35.0,28,0,,0,2026-02-20 22:15:41
493,v2,KXLOWTNYC-26FEB20-B32.5,NYC,low,no,75,0.6,92.0,38.0,38.0,25,0,,0,2026-02-20 23:15:36
494,v2,KXHIGHTBOS-26FEB21-B36.5,BOS,high,no,78,0.4,95.45454545454545,29.0,29.0,22,0,,0,2026-02-20 23:15:36
495,v2,KXHIGHNY-26FEB20-T39,NYC,high,no,8,0.6,98.91304347826086,46.0,46.0,92,0,,0,2026-02-20 23:15:36
496,v2,KXHIGHTATL-26FEB20-B79.5,ATL,high,no,6,0.75,98.93617021276596,69.0,69.0,94,0,,0,2026-02-20 23:15:36
497,v2,KXLOWTNYC-26FEB20-B34.5,NYC,low,no,29,0.6,88.73239436619718,38.0,38.0,71,0,,0,2026-02-20 23:15:36
498,v2,KXLOWTMIA-26FEB20-B64.5,MIA,low,no,1,0.5,93.93939393939394,70.0,70.0,99,0,,0,2026-02-20 23:15:36
499,v2,KXHIGHPHIL-26FEB21-B53.5,PHI,high,no,90,0.4,60.0,48.0,48.0,10,0,,0,2026-02-20 23:15:36
500,v2,KXHIGHTBOS-26FEB21-B32.5,BOS,high,no,75,0.4,56.00000000000001,29.0,29.0,25,0,,0,2026-02-20 23:15:36
501,v2,KXHIGHMIA-26FEB21-B85.5,MIA,high,no,86,0.4,35.714285714285715,79.0,79.0,14,0,,0,2026-02-20 23:15:36
502,v2,KXHIGHNY-26FEB21-B49.5,NYC,high,no,84,0.4,31.25,46.0,46.0,16,0,,0,2026-02-20 23:15:36
503,v1,KXHIGHPHIL-26FEB21-B53.5,PHI,high,no,90,0.4,90.0,48.0,48.0,10,0,,0,2026-02-20 23:15:36
504,v1,KXLOWTMIA-26FEB20-B64.5,MIA,low,no,1,0.5,95.95959595959596,70.0,70.0,99,0,,0,2026-02-20 23:15:36
505,v1,KXLOWTNYC-26FEB20-B34.5,NYC,low,no,29,0.5,92.95774647887323,38.0,38.0,71,0,,0,2026-02-20 23:15:36
506,v1,KXHIGHTATL-26FEB20-B79.5,ATL,high,no,6,0.65,92.5531914893617,69.0,69.0,94,0,,0,2026-02-20 23:15:36
507,v1,KXHIGHNY-26FEB20-T39,NYC,high,no,8,0.44999999999999996,98.91304347826086,46.0,46.0,92,0,,0,2026-02-20 23:15:36
508,v1,KXLOWTNYC-26FEB21-B33.5,NYC,low,no,82,0.4,44.44444444444444,35.0,35.0,18,0,,0,2026-02-20 23:15:36
509,v1,KXLOWTNYC-26FEB21-B37.5,NYC,low,no,65,0.4,97.14285714285714,35.0,35.0,35,0,,0,2026-02-20 23:15:36
510,v1,KXLOWTMIA-26FEB21-B68.5,MIA,low,no,72,0.4,89.28571428571429,67.0,67.0,28,0,,0,2026-02-20 23:15:36
511,v1,KXHIGHTDC-26FEB21-B55.5,DC,high,no,87,0.4,46.15384615384615,53.0,53.0,13,0,,0,2026-02-20 23:15:36
512,v1,KXLOWTNYC-26FEB21-B35.5,NYC,low,no,72,0.4,85.71428571428571,35.0,35.0,28,0,,0,2026-02-20 23:15:36
513,v2,KXHIGHTATL-26FEB21-B65.5,ATL,high,no,89,0.65,81.81818181818183,69.0,69.0,11,0,,0,2026-02-21 00:15:37
514,v2,KXLOWTMIA-26FEB21-B64.5,MIA,low,no,76,0.5,75.0,70.0,70.0,24,0,,0,2026-02-21 00:15:37
515,v2,KXLOWTNYC-26FEB21-B33.5,NYC,low,no,90,0.6,60.0,38.0,38.0,10,0,,0,2026-02-21 00:15:37
516,v2,KXHIGHTBOS-26FEB21-B36.5,BOS,high,no,77,0.65,69.56521739130434,29.0,29.0,23,0,,0,2026-02-21 00:15:37
517,v2,KXHIGHPHIL-26FEB21-B51.5,PHI,high,no,75,0.55,68.0,48.0,48.0,25,0,,0,2026-02-21 00:15:37
518,v2,KXHIGHMIA-26FEB21-B85.5,MIA,high,no,86,0.5,42.857142857142854,79.0,79.0,14,0,,0,2026-02-21 00:15:37
519,v2,KXHIGHNY-26FEB21-B49.5,NYC,high,no,84,0.5,31.25,46.0,46.0,16,0,,0,2026-02-21 00:15:37
520,v2,KXLOWTNYC-26FEB21-B35.5,NYC,low,no,67,0.6,60.60606060606061,38.0,38.0,33,0,,0,2026-02-21 00:15:37
521,v2,KXHIGHTATL-26FEB21-B67.5,ATL,high,no,74,0.65,65.38461538461539,69.0,69.0,26,0,,0,2026-02-21 00:15:37
522,v2,KXLOWTMIA-26FEB21-B66.5,MIA,low,no,62,0.5,57.89473684210527,70.0,70.0,38,0,,0,2026-02-21 00:15:37
523,v1,KXHIGHMIA-26FEB21-B81.5,MIA,high,no,84,0.5,62.5,79.0,79.0,16,0,,0,2026-02-21 00:15:37
524,v1,KXHIGHTATL-26FEB21-B71.5,ATL,high,no,80,0.4,95.0,69.0,69.0,20,0,,0,2026-02-21 00:15:37
525,v1,KXHIGHPHIL-26FEB21-B51.5,PHI,high,no,75,0.55,68.0,48.0,48.0,25,0,,0,2026-02-21 00:15:37
526,v1,KXLOWTMIA-26FEB21-B64.5,MIA,low,no,76,0.2,83.33333333333334,70.0,70.0,24,0,,0,2026-02-21 00:15:37
527,v1,KXHIGHTATL-26FEB21-B65.5,ATL,high,no,89,0.2,90.9090909090909,69.0,69.0,11,0,,0,2026-02-21 00:15:37
528,v1,KXLOWTNYC-26FEB21-B37.5,NYC,low,no,67,0.35,96.96969696969697,38.0,38.0,33,0,,0,2026-02-21 00:15:37
529,v1,KXLOWTMIA-26FEB21-B68.5,MIA,low,no,74,0.35,96.15384615384616,70.0,70.0,26,0,,0,2026-02-21 00:15:37
530,v1,KXHIGHTDC-26FEB21-T51,DC,high,no,82,0.65,16.666666666666664,53.0,53.0,18,0,,0,2026-02-21 00:15:37
531,v1,KXLOWTMIA-26FEB21-B66.5,MIA,low,no,62,0.2,97.36842105263158,70.0,70.0,38,0,,0,2026-02-21 00:15:37
532,v1,KXHIGHTATL-26FEB21-B69.5,ATL,high,no,71,0.25,96.55172413793103,69.0,69.0,29,0,,0,2026-02-21 00:15:37
